{
    "stats": [
        3.3194808842586384e-06,
        1.8001800180018002e-05,
        0.0,
        0.0,
        3.3194808842586384e-06,
        3.0921459492888065e-05,
        0.0001546072974644403,
        0.0,
        0.0,
        3.395931673854722e-05,
        12.513126565052561,
        149.50180929250854,
        0.4315756434400502,
        23.319126441338753
    ],
    "text_labels": [
        "AP",
        "AP0.5",
        "AP0.75",
        "APM",
        "APL",
        "AR",
        "AR0.5",
        "AR0.75",
        "ARM",
        "ARL",
        "Mean Pixel Error",
        "Mean Pixel Error Scaled",
        "Detection Rate [%]",
        "Detection Rate Scaled[%]"
    ],
    "args": [
        "/home/ivonne/3dlane_detection_pifpaf_gr19/venvs/pifpaf/lib/python3.10/site-packages/openpifpaf/eval.py",
        "--dataset=openlane",
        "--loader-workers=1",
        "--checkpoint",
        "results/shufflenetv2k16-230830-072343-openlane.pkl.epoch036",
        "--seed-threshold=0.2",
        "--openlane-train-annotations",
        "data_alter_24kps/annotations/openlane_keypoints_training.json",
        "--openlane-val-annotations",
        "data_alter_24kps/annotations/openlane_keypoints_validation.json",
        "--openlane-train-image-dir",
        "/home/ivonne/3dlane_detection_pifpaf_gr19/",
        "--openlane-val-image-dir",
        "/home/ivonne/3dlane_detection_pifpaf_gr19/",
        "--output",
        "eval/24kps_epoch36_d20"
    ],
    "version": "0.13.11",
    "dataset": "openlane",
    "total_time": 599.4074571960373,
    "checkpoint": "results/shufflenetv2k16-230830-072343-openlane.pkl.epoch036",
    "count_ops": [
        -1,
        -1
    ],
    "file_size": 37259803,
    "n_images": 7153,
    "decoder_time": 27.186256834305823,
    "nn_time": 432.78567619464593
}