{
    "stats": [
        0.0006036436544962321,
        0.0010091655698378128,
        0.00064899419201866,
        0.0,
        0.0006603002464221847,
        0.008742308042074631,
        0.012185880141865472,
        0.00985176877140865,
        0.0,
        0.009603729603729601,
        13.29752793264338,
        102.16073974593573,
        2.206144489881514,
        44.63143546188529
    ],
    "text_labels": [
        "AP",
        "AP0.5",
        "AP0.75",
        "APM",
        "APL",
        "AR",
        "AR0.5",
        "AR0.75",
        "ARM",
        "ARL",
        "Mean Pixel Error",
        "Mean Pixel Error Scaled",
        "Detection Rate [%]",
        "Detection Rate Scaled[%]"
    ],
    "args": [
        "/home/ivonne/3dlane_detection_pifpaf_gr19/venvs/pifpaf/lib/python3.10/site-packages/openpifpaf/eval.py",
        "--dataset=openlane",
        "--loader-workers=1",
        "--checkpoint",
        "results/2kps_10percent_2ndrun.epoch079-230904-180856-openlane.pkl.epoch083",
        "--seed-threshold=0.2",
        "--openlane-train-annotations",
        "data_alter/annotations/openlane_keypoints_training.json",
        "--openlane-val-annotations",
        "data_alter/annotations/openlane_keypoints_validation.json",
        "--openlane-train-image-dir",
        "/home/ivonne/3dlane_detection_pifpaf_gr19/",
        "--openlane-val-image-dir",
        "/home/ivonne/3dlane_detection_pifpaf_gr19/",
        "--output",
        "eval/2kps_epoch83_d20"
    ],
    "version": "0.13.11",
    "dataset": "openlane",
    "total_time": 603.7044080540072,
    "checkpoint": "results/2kps_10percent_2ndrun.epoch079-230904-180856-openlane.pkl.epoch083",
    "count_ops": [
        -1,
        -1
    ],
    "file_size": 35670437,
    "n_images": 7377,
    "decoder_time": 8.133662529173307,
    "nn_time": 467.83491556858644
}