{
    "stats": [
        0.0005789370465348257,
        0.0009138408482611397,
        0.0006257627071833671,
        0.0,
        0.000633759122880662,
        0.008581648428263967,
        0.01160993058292158,
        0.009609263693958592,
        0.0,
        0.009427239427239427,
        301.10491201560643,
        388.5759772072584,
        91.74968341072183,
        98.97952722667792
    ],
    "text_labels": [
        "AP",
        "AP0.5",
        "AP0.75",
        "APM",
        "APL",
        "AR",
        "AR0.5",
        "AR0.75",
        "ARM",
        "ARL",
        "Mean Pixel Error",
        "Mean Pixel Error Scaled",
        "Detection Rate [%]",
        "Detection Rate Scaled[%]"
    ],
    "args": [
        "/home/ivonne/3dlane_detection_pifpaf_gr19/venvs/pifpaf/lib/python3.10/site-packages/openpifpaf/eval.py",
        "--dataset=openlane",
        "--loader-workers=1",
        "--checkpoint",
        "results/2kps_10percent_2ndrun.epoch079-230904-040403-openlane.pkl.epoch081",
        "--seed-threshold=0.2",
        "--openlane-train-annotations",
        "data_alter/annotations/openlane_keypoints_training.json",
        "--openlane-val-annotations",
        "data_alter/annotations/openlane_keypoints_validation.json",
        "--openlane-train-image-dir",
        "/home/ivonne/3dlane_detection_pifpaf_gr19/",
        "--openlane-val-image-dir",
        "/home/ivonne/3dlane_detection_pifpaf_gr19/",
        "--output",
        "eval/2kps_epoch81_meanpixelerror"
    ],
    "version": "0.13.11",
    "dataset": "openlane",
    "total_time": 554.7677824170096,
    "checkpoint": "results/2kps_10percent_2ndrun.epoch079-230904-040403-openlane.pkl.epoch081",
    "count_ops": [
        -1,
        -1
    ],
    "file_size": 35670373,
    "n_images": 7377,
    "decoder_time": 7.592840580735356,
    "nn_time": 428.266177663696
}